<?xml version="1.0" encoding="UTF-8"?>
<GenRun Id="impl_1" LaunchPart="xc7a100tcsg324-1" LaunchTime="1731575117">
  <File Type="WBT-USG" Name="usage_statistics_webtalk.html"/>
  <File Type="BG-DRC" Name="ALU_top.drc"/>
  <File Type="BG-BGN" Name="ALU_top.bgn"/>
  <File Type="BITSTR-SYSDEF" Name="ALU_top.sysdef"/>
  <File Type="BITSTR-LTX" Name="debug_nets.ltx"/>
  <File Type="BITSTR-LTX" Name="ALU_top.ltx"/>
  <File Type="BITSTR-MMI" Name="ALU_top.mmi"/>
  <File Type="BITSTR-BMM" Name="ALU_top_bd.bmm"/>
  <File Type="BITSTR-NKY" Name="ALU_top.nky"/>
  <File Type="BITSTR-RBT" Name="ALU_top.rbt"/>
  <File Type="BITSTR-MSK" Name="ALU_top.msk"/>
  <File Type="BG-BIN" Name="ALU_top.bin"/>
  <File Type="BG-BIT" Name="ALU_top.bit"/>
  <File Type="POSTROUTE-PHYSOPT-BUS-SKEW-RPX" Name="ALU_top_bus_skew_postroute_physopted.rpx"/>
  <File Type="POSTROUTE-PHYSOPT-BUS-SKEW-PB" Name="ALU_top_bus_skew_postroute_physopted.pb"/>
  <File Type="POSTROUTE-PHYSOPT-BUS-SKEW" Name="ALU_top_bus_skew_postroute_physopted.rpt"/>
  <File Type="RDI-RDI" Name="ALU_top.vdi"/>
  <File Type="POSTROUTE-PHYSOPT-TIMING-RPX" Name="ALU_top_timing_summary_postroute_physopted.rpx"/>
  <File Type="POSTROUTE-PHYSOPT-TIMING-PB" Name="ALU_top_timing_summary_postroute_physopted.pb"/>
  <File Type="POSTROUTE-PHYSOPT-TIMING" Name="ALU_top_timing_summary_postroute_physopted.rpt"/>
  <File Type="POSTROUTE-PHYSOPT-BLACKBOX-DCP" Name="ALU_top_postroute_physopt_bb.dcp"/>
  <File Type="POSTROUTE-PHYSOPT-DCP" Name="ALU_top_postroute_physopt.dcp"/>
  <File Type="ROUTE-BUS-SKEW" Name="ALU_top_bus_skew_routed.rpt"/>
  <File Type="ROUTE-CLK" Name="ALU_top_clock_utilization_routed.rpt"/>
  <File Type="ROUTE-SIMILARITY" Name="ALU_top_incremental_reuse_routed.rpt"/>
  <File Type="ROUTE-TIMING-RPX" Name="ALU_top_timing_summary_routed.rpx"/>
  <File Type="ROUTE-TIMING-PB" Name="ALU_top_timing_summary_routed.pb"/>
  <File Type="ROUTE-TIMINGSUMMARY" Name="ALU_top_timing_summary_routed.rpt"/>
  <File Type="ROUTE-STATUS-PB" Name="ALU_top_route_status.pb"/>
  <File Type="ROUTE-STATUS" Name="ALU_top_route_status.rpt"/>
  <File Type="ROUTE-PWR-RPX" Name="ALU_top_power_routed.rpx"/>
  <File Type="ROUTE-PWR-SUM" Name="ALU_top_power_summary_routed.pb"/>
  <File Type="ROUTE-PWR" Name="ALU_top_power_routed.rpt"/>
  <File Type="ROUTE-METHODOLOGY-DRC-PB" Name="ALU_top_methodology_drc_routed.pb"/>
  <File Type="ROUTE-METHODOLOGY-DRC-RPX" Name="ALU_top_methodology_drc_routed.rpx"/>
  <File Type="ROUTE-METHODOLOGY-DRC" Name="ALU_top_methodology_drc_routed.rpt"/>
  <File Type="ROUTE-DRC-RPX" Name="ALU_top_drc_routed.rpx"/>
  <File Type="ROUTE-DRC-PB" Name="ALU_top_drc_routed.pb"/>
  <File Type="ROUTE-DRC" Name="ALU_top_drc_routed.rpt"/>
  <File Type="ROUTE-BLACKBOX-DCP" Name="ALU_top_routed_bb.dcp"/>
  <File Type="ROUTE-DCP" Name="ALU_top_routed.dcp"/>
  <File Type="ROUTE-ERROR-DCP" Name="ALU_top_routed_error.dcp"/>
  <File Type="PHYSOPT-TIMING" Name="ALU_top_timing_summary_physopted.rpt"/>
  <File Type="PHYSOPT-DRC" Name="ALU_top_drc_physopted.rpt"/>
  <File Type="PHYSOPT-DCP" Name="ALU_top_physopt.dcp"/>
  <File Type="POSTPLACE-PWROPT-TIMING" Name="ALU_top_timing_summary_postplace_pwropted.rpt"/>
  <File Type="POSTPLACE-PWROPT-DCP" Name="ALU_top_postplace_pwropt.dcp"/>
  <File Type="PLACE-TIMING" Name="ALU_top_timing_summary_placed.rpt"/>
  <File Type="PLACE-PRE-SIMILARITY" Name="ALU_top_incremental_reuse_pre_placed.rpt"/>
  <File Type="PLACE-SIMILARITY" Name="ALU_top_incremental_reuse_placed.rpt"/>
  <File Type="PLACE-CTRL" Name="ALU_top_control_sets_placed.rpt"/>
  <File Type="PLACE-UTIL-PB" Name="ALU_top_utilization_placed.pb"/>
  <File Type="PLACE-UTIL" Name="ALU_top_utilization_placed.rpt"/>
  <File Type="PLACE-CLK" Name="ALU_top_clock_utilization_placed.rpt"/>
  <File Type="PLACE-IO" Name="ALU_top_io_placed.rpt"/>
  <File Type="PLACE-DCP" Name="ALU_top_placed.dcp"/>
  <File Type="PWROPT-TIMING" Name="ALU_top_timing_summary_pwropted.rpt"/>
  <File Type="PWROPT-DRC" Name="ALU_top_drc_pwropted.rpt"/>
  <File Type="PWROPT-DCP" Name="ALU_top_pwropt.dcp"/>
  <File Type="OPT-TIMING" Name="ALU_top_timing_summary_opted.rpt"/>
  <File Type="OPT-HWDEF" Name="ALU_top.hwdef"/>
  <File Type="OPT-METHODOLOGY-DRC" Name="ALU_top_methodology_drc_opted.rpt"/>
  <File Type="OPT-DRC" Name="ALU_top_drc_opted.rpt"/>
  <File Type="OPT-DCP" Name="ALU_top_opt.dcp"/>
  <File Type="INIT-TIMING" Name="ALU_top_timing_summary_init.rpt"/>
  <File Type="ROUTE-BUS-SKEW-RPX" Name="ALU_top_bus_skew_routed.rpx"/>
  <File Type="REPORTS-TCL" Name="ALU_top_reports.tcl"/>
  <File Type="ROUTE-BUS-SKEW-PB" Name="ALU_top_bus_skew_routed.pb"/>
  <File Type="PA-TCL" Name="ALU_top.tcl"/>
  <FileSet Name="sources" Type="DesignSrcs" RelSrcDir="$PSRCDIR/sources_1">
    <Filter Type="Srcs"/>
    <File Path="$PPRDIR/../chip_design/CommonCore/DigitalDesign/Lab_DSD_02/task5/AdderSubtractor.sv">
      <FileInfo>
        <Attr Name="UsedIn" Val="synthesis"/>
        <Attr Name="UsedIn" Val="implementation"/>
        <Attr Name="UsedIn" Val="simulation"/>
      </FileInfo>
    </File>
    <File Path="$PPRDIR/../chip_design/CommonCore/DigitalDesign/Lab_DSD_02/task3/FullAdder.sv">
      <FileInfo>
        <Attr Name="UsedIn" Val="synthesis"/>
        <Attr Name="UsedIn" Val="implementation"/>
        <Attr Name="UsedIn" Val="simulation"/>
      </FileInfo>
    </File>
    <File Path="$PPRDIR/../chip_design/CommonCore/DigitalDesign/Lab_DSD_02/task2/HalfAdder.sv">
      <FileInfo>
        <Attr Name="UsedIn" Val="synthesis"/>
        <Attr Name="UsedIn" Val="implementation"/>
        <Attr Name="UsedIn" Val="simulation"/>
      </FileInfo>
    </File>
    <File Path="$PSRCDIR/sources_1/new/MUX.sv">
      <FileInfo>
        <Attr Name="UsedIn" Val="synthesis"/>
        <Attr Name="UsedIn" Val="implementation"/>
        <Attr Name="UsedIn" Val="simulation"/>
      </FileInfo>
    </File>
    <File Path="$PSRCDIR/sources_1/new/alu_op.sv">
      <FileInfo>
        <Attr Name="UsedIn" Val="synthesis"/>
        <Attr Name="UsedIn" Val="implementation"/>
        <Attr Name="UsedIn" Val="simulation"/>
      </FileInfo>
    </File>
    <File Path="$PPRDIR/../Lab3-project1/Lab3-project1.srcs/sources_1/new/counter_n_bit.sv">
      <FileInfo>
        <Attr Name="UsedIn" Val="synthesis"/>
        <Attr Name="UsedIn" Val="implementation"/>
        <Attr Name="UsedIn" Val="simulation"/>
      </FileInfo>
    </File>
    <File Path="$PPRDIR/../Lab3-project1/Lab3-project1.srcs/sources_1/new/decoder.sv">
      <FileInfo>
        <Attr Name="UsedIn" Val="synthesis"/>
        <Attr Name="UsedIn" Val="implementation"/>
        <Attr Name="UsedIn" Val="simulation"/>
      </FileInfo>
    </File>
    <File Path="$PPRDIR/../Lab3-project1/Lab3-project1.srcs/sources_1/new/sev_seg_controller.sv">
      <FileInfo>
        <Attr Name="UsedIn" Val="synthesis"/>
        <Attr Name="UsedIn" Val="implementation"/>
        <Attr Name="UsedIn" Val="simulation"/>
      </FileInfo>
    </File>
    <File Path="$PPRDIR/../Lab3-project1/Lab3-project1.srcs/sources_1/new/sev_seg_top.sv">
      <FileInfo>
        <Attr Name="UsedIn" Val="synthesis"/>
        <Attr Name="UsedIn" Val="implementation"/>
        <Attr Name="UsedIn" Val="simulation"/>
      </FileInfo>
    </File>
    <File Path="$PPRDIR/../Lab3-project1/Lab3-project1.srcs/sources_1/new/seven_seg_decoder.sv">
      <FileInfo>
        <Attr Name="UsedIn" Val="synthesis"/>
        <Attr Name="UsedIn" Val="implementation"/>
        <Attr Name="UsedIn" Val="simulation"/>
      </FileInfo>
    </File>
    <File Path="$PSRCDIR/sources_1/new/ALU_top.sv">
      <FileInfo>
        <Attr Name="UsedIn" Val="synthesis"/>
        <Attr Name="UsedIn" Val="implementation"/>
        <Attr Name="UsedIn" Val="simulation"/>
      </FileInfo>
    </File>
    <Config>
      <Option Name="DesignMode" Val="RTL"/>
      <Option Name="TopModule" Val="ALU_top"/>
      <Option Name="TopAutoSet" Val="TRUE"/>
    </Config>
  </FileSet>
  <FileSet Name="constrs_in" Type="Constrs" RelSrcDir="$PSRCDIR/constrs_1">
    <Filter Type="Constrs"/>
    <File Path="$PPRDIR/../Lab3-project1/Lab3-project1.srcs/constrs_1/new/seven_seg_decoder.xdc">
      <FileInfo>
        <Attr Name="UsedIn" Val="synthesis"/>
        <Attr Name="UsedIn" Val="implementation"/>
      </FileInfo>
    </File>
    <Config>
      <Option Name="ConstrsType" Val="XDC"/>
    </Config>
  </FileSet>
  <FileSet Name="utils" Type="Utils" RelSrcDir="$PSRCDIR/utils_1">
    <Filter Type="Utils"/>
    <Config>
      <Option Name="TopAutoSet" Val="TRUE"/>
    </Config>
  </FileSet>
  <Strategy Version="1" Minor="2">
    <StratHandle Name="Vivado Implementation Defaults" Flow="Vivado Implementation 2019"/>
    <Step Id="init_design"/>
    <Step Id="opt_design"/>
    <Step Id="power_opt_design"/>
    <Step Id="place_design"/>
    <Step Id="post_place_power_opt_design"/>
    <Step Id="phys_opt_design"/>
    <Step Id="route_design"/>
    <Step Id="post_route_phys_opt_design"/>
    <Step Id="write_bitstream"/>
  </Strategy>
</GenRun>
